Municipality,2007.0,20072.0,20073.0,20074.0,2008.0,20085.0,20086.0,20087.0,2009.0,20098.0,20099.0,200910.0,2010.0,201011.0,201012.0,201013.0,2011.0,201114.0,201115.0,201116.0,2012.0,201217.0,201218.0,201219.0,2013.0,201320.0,201321.0,201322.0,2014.0,201423.0,201424.0,201425.0,2015.0,201526.0,201527.0,201528.0,2016.0,201629.0,201630.0,201631.0,2017.0,201732.0,201733.0,201734.0,2018.0,201835.0,201836.0,201837.0,2019.0,201938.0,201939.0,201940.0,2020.0,202041.0,202042.0,202043.0,2021.0,202144.0,202145.0,202146.0,2022.0,202247.0,202248.0,202249.0,2023.0,202350.0,202351.0,202352.0,2024.0,202453.0
København,17689.0,20305.0,19389.0,19506.0,17475.0,19067.0,21113.0,20942.0,18468.0,19210.0,23007.0,21737.0,18605.0,20280.0,20816.0,21073.0,19576.0,20830.0,22115.0,23287.0,20819.0,21631.0,22181.0,21641.0,19197.0,22247.0,22687.0,21228.0,19729.0,20370.0,19055.0,21084.0,17620.0,19740.0,18959.0,21771.0,18524.0,21879.0,21380.0,23907.0,19559.0,19695.0,19053.0,18510.0,16774.0,18231.0,17409.0,17731.0,17180.0,17470.0,16923.0,19666.0,17401.0,11116.0,15262.0,12567.0,9537.0,11536.0,14199.0,13601.0,11889.0,14768.0,15495.0,16450.0,15524.0,16605.0,16864.0,15136.0,14095.0,17210.0
Frederiksberg,1795.0,1934.0,1847.0,2053.0,1669.0,1739.0,1930.0,2116.0,1729.0,1800.0,2041.0,2225.0,1978.0,2060.0,2133.0,2188.0,1911.0,2234.0,2486.0,2621.0,2260.0,2246.0,2434.0,2390.0,2060.0,2303.0,2445.0,2280.0,2188.0,1999.0,2065.0,2279.0,1779.0,2035.0,2017.0,2132.0,1835.0,2078.0,1805.0,1888.0,1758.0,1958.0,2041.0,1967.0,1686.0,1651.0,1549.0,1586.0,1388.0,1433.0,1458.0,1839.0,1588.0,1241.0,1760.0,1648.0,1321.0,1351.0,1454.0,1482.0,1439.0,1544.0,1718.0,1968.0,1608.0,1687.0,1570.0,1600.0,1471.0,1955.0
Dragør,167.0,161.0,116.0,163.0,131.0,166.0,153.0,183.0,111.0,160.0,151.0,183.0,138.0,170.0,170.0,142.0,140.0,127.0,130.0,184.0,169.0,167.0,164.0,176.0,133.0,141.0,123.0,121.0,86.0,123.0,110.0,126.0,130.0,134.0,121.0,122.0,116.0,159.0,110.0,118.0,129.0,124.0,128.0,167.0,103.0,107.0,106.0,128.0,133.0,107.0,134.0,161.0,104.0,121.0,117.0,138.0,98.0,88.0,93.0,108.0,83.0,92.0,107.0,96.0,84.0,112.0,99.0,95.0,74.0,122.0
Tårnby,894.0,1025.0,1053.0,1096.0,972.0,1033.0,1184.0,1139.0,1042.0,1146.0,1370.0,1224.0,1140.0,1034.0,1208.0,1044.0,1115.0,986.0,1013.0,1212.0,1107.0,1062.0,1198.0,1169.0,944.0,1147.0,1157.0,1211.0,1101.0,1045.0,973.0,1015.0,881.0,929.0,1191.0,1228.0,1021.0,1071.0,1008.0,1048.0,899.0,941.0,1081.0,974.0,884.0,977.0,954.0,951.0,899.0,888.0,890.0,935.0,844.0,522.0,655.0,561.0,411.0,491.0,591.0,631.0,639.0,843.0,842.0,720.0,767.0,781.0,841.0,702.0,805.0,887.0
Albertslund,520.0,664.0,654.0,639.0,757.0,732.0,686.0,783.0,667.0,706.0,779.0,868.0,651.0,742.0,770.0,659.0,516.0,639.0,574.0,732.0,592.0,603.0,588.0,602.0,560.0,678.0,599.0,624.0,532.0,514.0,571.0,608.0,514.0,527.0,424.0,591.0,430.0,490.0,525.0,742.0,497.0,436.0,585.0,380.0,360.0,554.0,422.0,445.0,430.0,456.0,459.0,467.0,514.0,1174.0,515.0,463.0,438.0,355.0,317.0,293.0,379.0,574.0,396.0,396.0,428.0,406.0,410.0,395.0,381.0,513.0
Ballerup,950.0,1033.0,967.0,962.0,954.0,946.0,964.0,1185.0,1130.0,1136.0,1363.0,1260.0,1144.0,1175.0,1168.0,1043.0,921.0,1033.0,1154.0,1156.0,1044.0,924.0,905.0,912.0,927.0,979.0,944.0,1110.0,892.0,938.0,911.0,929.0,884.0,845.0,797.0,930.0,788.0,959.0,890.0,934.0,740.0,845.0,1027.0,881.0,758.0,668.0,703.0,764.0,700.0,715.0,751.0,739.0,758.0,556.0,811.0,614.0,583.0,664.0,658.0,599.0,674.0,792.0,759.0,654.0,742.0,797.0,825.0,673.0,628.0,839.0
Brøndby,723.0,873.0,627.0,657.0,777.0,793.0,879.0,783.0,669.0,715.0,905.0,921.0,768.0,741.0,809.0,669.0,624.0,669.0,710.0,852.0,697.0,747.0,725.0,758.0,677.0,732.0,698.0,824.0,896.0,775.0,667.0,749.0,579.0,692.0,620.0,725.0,782.0,1021.0,640.0,633.0,799.0,643.0,775.0,539.0,781.0,650.0,677.0,682.0,595.0,500.0,473.0,530.0,476.0,452.0,476.0,478.0,520.0,496.0,441.0,520.0,518.0,683.0,516.0,540.0,594.0,531.0,655.0,527.0,574.0,685.0
Gentofte,1277.0,1449.0,1329.0,1282.0,1207.0,1265.0,1291.0,1376.0,1358.0,1408.0,1679.0,1815.0,1284.0,1393.0,1684.0,1411.0,1194.0,1268.0,1393.0,1540.0,1288.0,1380.0,1597.0,1491.0,1235.0,1427.0,1405.0,1339.0,1364.0,1336.0,1341.0,1381.0,1108.0,1151.0,1239.0,1326.0,1195.0,1161.0,1413.0,1573.0,1332.0,1342.0,1455.0,1404.0,1245.0,1317.0,1333.0,1245.0,1072.0,1266.0,1136.0,1247.0,945.0,860.0,969.0,981.0,714.0,916.0,966.0,940.0,866.0,1012.0,989.0,874.0,875.0,1157.0,1005.0,907.0,788.0,1212.0
Gladsaxe,983.0,1081.0,889.0,1070.0,1161.0,1100.0,1010.0,1302.0,1219.0,1194.0,1328.0,1550.0,1191.0,1258.0,1254.0,1222.0,989.0,1069.0,1113.0,1171.0,995.0,1068.0,1167.0,1179.0,1059.0,1106.0,1089.0,1063.0,1016.0,1003.0,960.0,1099.0,965.0,1082.0,1005.0,1450.0,907.0,1059.0,993.0,1054.0,919.0,1102.0,916.0,910.0,775.0,929.0,955.0,1000.0,857.0,892.0,836.0,920.0,720.0,733.0,834.0,729.0,611.0,666.0,570.0,706.0,755.0,1236.0,791.0,824.0,770.0,1060.0,887.0,826.0,936.0,1139.0
Glostrup,636.0,614.0,498.0,544.0,644.0,625.0,587.0,683.0,637.0,575.0,718.0,749.0,556.0,628.0,643.0,532.0,483.0,523.0,537.0,584.0,570.0,634.0,583.0,551.0,494.0,511.0,593.0,561.0,537.0,563.0,524.0,566.0,570.0,595.0,552.0,605.0,483.0,595.0,583.0,739.0,524.0,566.0,528.0,530.0,577.0,593.0,564.0,533.0,512.0,435.0,394.0,519.0,416.0,458.0,405.0,471.0,360.0,345.0,408.0,377.0,397.0,460.0,477.0,433.0,416.0,473.0,454.0,408.0,423.0,529.0
Herlev,630.0,662.0,576.0,668.0,558.0,641.0,614.0,654.0,609.0,630.0,728.0,845.0,758.0,766.0,716.0,647.0,605.0,595.0,590.0,715.0,615.0,579.0,656.0,638.0,577.0,647.0,605.0,694.0,512.0,546.0,517.0,798.0,712.0,574.0,546.0,629.0,559.0,622.0,492.0,533.0,466.0,494.0,546.0,603.0,548.0,593.0,541.0,573.0,512.0,527.0,466.0,787.0,1071.0,426.0,558.0,447.0,380.0,332.0,484.0,383.0,354.0,414.0,585.0,428.0,440.0,566.0,366.0,499.0,518.0,482.0
Hvidovre,1316.0,1322.0,1234.0,1185.0,1178.0,1240.0,1178.0,1298.0,1166.0,1175.0,1431.0,1522.0,1371.0,1375.0,1303.0,1146.0,1107.0,1070.0,1067.0,1067.0,1046.0,1218.0,1163.0,1101.0,999.0,1192.0,1246.0,1201.0,1013.0,1029.0,1036.0,1008.0,896.0,934.0,828.0,1018.0,925.0,836.0,887.0,986.0,915.0,1096.0,1016.0,946.0,825.0,898.0,909.0,925.0,781.0,803.0,817.0,774.0,759.0,748.0,867.0,1264.0,638.0,551.0,717.0,720.0,634.0,740.0,797.0,813.0,716.0,629.0,769.0,694.0,715.0,754.0
Høje-Taastrup,951.0,933.0,908.0,1041.0,1070.0,1176.0,1099.0,1191.0,1191.0,1133.0,1293.0,1245.0,1041.0,1099.0,1152.0,1134.0,878.0,905.0,962.0,1025.0,817.0,845.0,973.0,1057.0,914.0,1003.0,1019.0,929.0,841.0,933.0,914.0,991.0,1225.0,936.0,888.0,1031.0,904.0,1028.0,955.0,1132.0,1035.0,939.0,883.0,856.0,799.0,792.0,740.0,741.0,814.0,894.0,643.0,1001.0,753.0,586.0,777.0,1110.0,580.0,704.0,663.0,634.0,668.0,754.0,690.0,871.0,636.0,698.0,665.0,681.0,758.0,727.0
Ishøj,494.0,563.0,534.0,677.0,762.0,698.0,737.0,791.0,705.0,593.0,714.0,649.0,603.0,685.0,552.0,482.0,504.0,484.0,465.0,519.0,478.0,511.0,470.0,439.0,448.0,496.0,485.0,510.0,458.0,407.0,407.0,423.0,396.0,453.0,496.0,472.0,339.0,433.0,357.0,445.0,416.0,336.0,376.0,387.0,338.0,369.0,398.0,373.0,396.0,354.0,292.0,425.0,366.0,296.0,316.0,349.0,272.0,265.0,296.0,266.0,279.0,298.0,296.0,306.0,283.0,343.0,268.0,363.0,325.0,308.0
Lyngby-Taarbæk,1192.0,1259.0,1170.0,1177.0,1088.0,1201.0,1306.0,1370.0,1076.0,1130.0,1249.0,1231.0,1183.0,1231.0,1277.0,1227.0,1101.0,1028.0,1076.0,1295.0,1123.0,1271.0,1293.0,1256.0,1068.0,1180.0,1271.0,1111.0,1108.0,1304.0,1209.0,1158.0,1170.0,1238.0,1181.0,1214.0,1046.0,1052.0,1150.0,1072.0,1046.0,1026.0,1025.0,1125.0,1173.0,1073.0,1057.0,1229.0,1004.0,871.0,890.0,950.0,749.0,584.0,820.0,744.0,510.0,656.0,684.0,840.0,743.0,833.0,875.0,797.0,857.0,1008.0,847.0,863.0,761.0,807.0
Rødovre,975.0,904.0,919.0,1104.0,976.0,892.0,929.0,1140.0,1007.0,939.0,1100.0,1042.0,1113.0,1027.0,1004.0,909.0,885.0,797.0,979.0,982.0,928.0,918.0,782.0,793.0,669.0,800.0,805.0,825.0,712.0,744.0,659.0,791.0,769.0,683.0,636.0,857.0,714.0,704.0,670.0,739.0,695.0,784.0,671.0,779.0,631.0,674.0,662.0,660.0,597.0,729.0,599.0,700.0,603.0,503.0,659.0,723.0,515.0,553.0,505.0,565.0,546.0,615.0,745.0,786.0,655.0,713.0,606.0,582.0,605.0,674.0
Vallensbæk,185.0,263.0,210.0,179.0,219.0,321.0,291.0,283.0,249.0,280.0,388.0,348.0,247.0,291.0,290.0,241.0,180.0,235.0,237.0,312.0,286.0,256.0,254.0,197.0,192.0,228.0,265.0,242.0,184.0,221.0,237.0,189.0,185.0,226.0,166.0,205.0,180.0,185.0,161.0,197.0,182.0,155.0,217.0,195.0,157.0,160.0,193.0,200.0,156.0,175.0,186.0,189.0,149.0,124.0,145.0,142.0,120.0,94.0,110.0,138.0,132.0,169.0,139.0,132.0,131.0,123.0,178.0,169.0,113.0,167.0
Allerød,301.0,325.0,298.0,355.0,416.0,323.0,337.0,410.0,257.0,351.0,354.0,416.0,344.0,392.0,366.0,381.0,342.0,372.0,333.0,443.0,383.0,355.0,500.0,444.0,348.0,392.0,385.0,359.0,303.0,342.0,326.0,364.0,300.0,300.0,294.0,383.0,384.0,509.0,336.0,400.0,317.0,248.0,245.0,331.0,291.0,246.0,278.0,306.0,226.0,255.0,227.0,276.0,225.0,147.0,229.0,181.0,138.0,164.0,228.0,229.0,222.0,221.0,261.0,253.0,207.0,223.0,223.0,219.0,150.0,230.0
Egedal,508.0,574.0,427.0,484.0,505.0,467.0,499.0,662.0,528.0,665.0,637.0,671.0,549.0,557.0,597.0,623.0,454.0,515.0,465.0,592.0,500.0,506.0,472.0,423.0,430.0,415.0,446.0,554.0,500.0,478.0,446.0,388.0,365.0,369.0,352.0,587.0,413.0,401.0,522.0,417.0,390.0,351.0,375.0,405.0,374.0,311.0,349.0,450.0,298.0,299.0,279.0,339.0,279.0,272.0,300.0,341.0,260.0,267.0,300.0,276.0,343.0,325.0,330.0,361.0,375.0,323.0,395.0,392.0,348.0,349.0
Fredensborg,542.0,554.0,565.0,626.0,564.0,516.0,571.0,685.0,564.0,771.0,722.0,764.0,682.0,573.0,669.0,643.0,634.0,492.0,545.0,652.0,549.0,591.0,665.0,714.0,530.0,630.0,636.0,663.0,603.0,600.0,691.0,667.0,486.0,623.0,506.0,561.0,473.0,407.0,451.0,524.0,402.0,364.0,400.0,415.0,395.0,385.0,331.0,399.0,309.0,327.0,308.0,341.0,333.0,230.0,341.0,330.0,226.0,305.0,332.0,313.0,312.0,302.0,404.0,382.0,564.0,503.0,366.0,376.0,392.0,389.0
Frederikssund,755.0,671.0,750.0,794.0,755.0,786.0,779.0,807.0,640.0,774.0,723.0,754.0,555.0,656.0,693.0,698.0,598.0,493.0,543.0,705.0,625.0,650.0,630.0,564.0,580.0,601.0,750.0,959.0,657.0,639.0,621.0,674.0,534.0,585.0,601.0,594.0,515.0,539.0,589.0,686.0,570.0,524.0,626.0,535.0,420.0,493.0,519.0,584.0,406.0,598.0,509.0,534.0,452.0,425.0,558.0,512.0,428.0,543.0,428.0,441.0,434.0,443.0,426.0,467.0,468.0,538.0,401.0,445.0,354.0,493.0
Furesø,598.0,572.0,606.0,568.0,626.0,697.0,513.0,693.0,568.0,690.0,801.0,796.0,753.0,746.0,685.0,889.0,630.0,634.0,688.0,710.0,614.0,503.0,542.0,599.0,499.0,545.0,625.0,635.0,596.0,537.0,587.0,623.0,531.0,540.0,473.0,561.0,493.0,532.0,655.0,688.0,575.0,482.0,460.0,550.0,496.0,529.0,352.0,460.0,405.0,422.0,417.0,395.0,383.0,320.0,364.0,355.0,295.0,317.0,350.0,356.0,310.0,372.0,461.0,452.0,431.0,488.0,441.0,546.0,403.0,498.0
Gribskov,474.0,483.0,505.0,553.0,747.0,491.0,597.0,631.0,685.0,677.0,647.0,822.0,673.0,617.0,660.0,558.0,535.0,564.0,561.0,572.0,588.0,539.0,575.0,558.0,466.0,497.0,611.0,606.0,649.0,656.0,694.0,674.0,590.0,542.0,1026.0,486.0,671.0,523.0,543.0,533.0,491.0,547.0,543.0,524.0,435.0,424.0,488.0,509.0,434.0,450.0,488.0,509.0,341.0,380.0,418.0,393.0,404.0,344.0,384.0,329.0,417.0,380.0,530.0,435.0,436.0,587.0,499.0,400.0,430.0,444.0
Halsnæs,438.0,512.0,530.0,546.0,548.0,487.0,641.0,592.0,507.0,531.0,601.0,595.0,531.0,459.0,615.0,639.0,505.0,513.0,545.0,732.0,635.0,516.0,623.0,513.0,532.0,550.0,489.0,536.0,455.0,575.0,526.0,446.0,337.0,322.0,349.0,449.0,341.0,385.0,492.0,463.0,563.0,581.0,420.0,521.0,289.0,368.0,308.0,432.0,351.0,380.0,367.0,384.0,304.0,309.0,323.0,324.0,293.0,318.0,295.0,306.0,257.0,315.0,322.0,275.0,319.0,371.0,316.0,286.0,255.0,287.0
Helsingør,1433.0,1481.0,1380.0,1635.0,1466.0,1586.0,1715.0,1718.0,1562.0,1566.0,1805.0,1542.0,1351.0,1408.0,1509.0,1550.0,1240.0,1348.0,1441.0,1408.0,1135.0,1210.0,1421.0,1499.0,1156.0,1369.0,1429.0,1684.0,1172.0,1138.0,1307.0,1100.0,897.0,1084.0,1122.0,1136.0,978.0,1104.0,946.0,1093.0,1114.0,913.0,1072.0,1229.0,821.0,819.0,866.0,919.0,765.0,863.0,791.0,962.0,792.0,643.0,873.0,724.0,660.0,623.0,726.0,687.0,802.0,901.0,985.0,998.0,884.0,872.0,851.0,911.0,946.0,903.0
Hillerød,646.0,805.0,725.0,850.0,767.0,824.0,818.0,906.0,794.0,839.0,905.0,910.0,819.0,891.0,843.0,866.0,779.0,1184.0,754.0,2514.0,825.0,860.0,892.0,955.0,842.0,837.0,873.0,799.0,788.0,804.0,816.0,827.0,708.0,750.0,771.0,832.0,684.0,1125.0,757.0,835.0,762.0,874.0,731.0,657.0,654.0,643.0,682.0,770.0,752.0,570.0,632.0,745.0,667.0,480.0,547.0,646.0,533.0,622.0,640.0,674.0,646.0,626.0,720.0,741.0,822.0,678.0,612.0,653.0,535.0,700.0
Hørsholm,420.0,443.0,298.0,347.0,349.0,322.0,387.0,434.0,343.0,439.0,443.0,438.0,354.0,412.0,418.0,457.0,389.0,330.0,392.0,388.0,375.0,390.0,332.0,428.0,373.0,387.0,334.0,410.0,360.0,384.0,424.0,422.0,409.0,421.0,365.0,471.0,394.0,384.0,399.0,473.0,406.0,383.0,338.0,402.0,282.0,428.0,633.0,309.0,315.0,276.0,379.0,314.0,210.0,240.0,270.0,251.0,306.0,301.0,310.0,297.0,265.0,349.0,768.0,269.0,249.0,357.0,667.0,285.0,296.0,282.0
Rudersdal,677.0,841.0,792.0,712.0,722.0,729.0,707.0,920.0,945.0,934.0,985.0,1131.0,844.0,785.0,878.0,989.0,907.0,842.0,918.0,1124.0,902.0,942.0,1015.0,878.0,723.0,763.0,732.0,766.0,727.0,881.0,941.0,923.0,811.0,805.0,843.0,888.0,857.0,653.0,801.0,1068.0,819.0,805.0,840.0,889.0,829.0,771.0,779.0,750.0,685.0,697.0,707.0,810.0,598.0,528.0,622.0,611.0,452.0,523.0,545.0,586.0,564.0,602.0,631.0,626.0,582.0,627.0,871.0,641.0,532.0,660.0
Bornholm,411.0,465.0,563.0,396.0,445.0,507.0,558.0,489.0,486.0,428.0,470.0,365.0,336.0,376.0,449.0,370.0,232.0,263.0,344.0,339.0,322.0,393.0,358.0,261.0,245.0,371.0,440.0,359.0,264.0,308.0,336.0,315.0,255.0,277.0,344.0,289.0,270.0,273.0,347.0,267.0,218.0,245.0,294.0,335.0,196.0,250.0,254.0,220.0,215.0,232.0,259.0,220.0,221.0,173.0,256.0,216.0,213.0,181.0,205.0,224.0,191.0,245.0,342.0,266.0,223.0,271.0,282.0,246.0,168.0,273.0
Christiansø,0.0,0.0,0.0,0.0,0.0,0.0,0.0,0.0,0.0,0.0,0.0,0.0,0.0,0.0,0.0,0.0,0.0,0.0,0.0,0.0,0.0,0.0,0.0,0.0,0.0,0.0,0.0,0.0,0.0,0.0,0.0,0.0,0.0,0.0,0.0,1.0,0.0,0.0,0.0,0.0,0.0,0.0,1.0,0.0,0.0,0.0,0.0,0.0,0.0,0.0,0.0,0.0,0.0,0.0,0.0,0.0,0.0,0.0,0.0,0.0,0.0,1.0,0.0,0.0,0.0,0.0,0.0,0.0,0.0,0.0
Greve,945.0,771.0,913.0,1047.0,1160.0,1171.0,1297.0,1488.0,1286.0,1438.0,1324.0,1365.0,1156.0,1155.0,1252.0,1304.0,1113.0,949.0,1098.0,1155.0,1028.0,840.0,1162.0,861.0,715.0,903.0,1040.0,1076.0,862.0,876.0,845.0,748.0,651.0,681.0,758.0,732.0,860.0,768.0,745.0,625.0,648.0,814.0,736.0,630.0,601.0,630.0,618.0,638.0,534.0,523.0,585.0,612.0,513.0,510.0,615.0,447.0,388.0,453.0,449.0,520.0,527.0,734.0,492.0,567.0,471.0,516.0,490.0,556.0,454.0,527.0
Køge,986.0,932.0,985.0,1167.0,1190.0,1192.0,1436.0,1530.0,1521.0,1307.0,1589.0,1499.0,1311.0,1322.0,1324.0,1496.0,1278.0,1136.0,1280.0,1510.0,1196.0,1155.0,1337.0,1007.0,922.0,1051.0,1253.0,1258.0,983.0,1044.0,1035.0,965.0,786.0,835.0,844.0,867.0,861.0,1015.0,877.0,995.0,799.0,898.0,927.0,945.0,742.0,779.0,638.0,698.0,670.0,631.0,624.0,754.0,699.0,597.0,649.0,697.0,495.0,536.0,527.0,601.0,544.0,595.0,623.0,660.0,929.0,666.0,698.0,613.0,591.0,696.0
Lejre,223.0,321.0,254.0,310.0,337.0,340.0,386.0,409.0,399.0,317.0,382.0,391.0,246.0,346.0,413.0,381.0,274.0,300.0,286.0,338.0,322.0,278.0,316.0,271.0,265.0,264.0,260.0,359.0,279.0,282.0,283.0,219.0,207.0,217.0,219.0,212.0,205.0,237.0,234.0,223.0,195.0,219.0,224.0,272.0,228.0,246.0,442.0,353.0,158.0,171.0,171.0,173.0,170.0,150.0,169.0,152.0,175.0,307.0,151.0,123.0,176.0,201.0,166.0,189.0,201.0,194.0,178.0,206.0,187.0,167.0
Roskilde,1355.0,1412.0,2356.0,1575.0,1720.0,1768.0,2577.0,2021.0,1699.0,1902.0,3017.0,1665.0,1410.0,1938.0,2591.0,1557.0,1622.0,1906.0,2395.0,1646.0,1393.0,1425.0,3090.0,1407.0,1285.0,1540.0,2951.0,1429.0,1309.0,1316.0,2199.0,1362.0,1271.0,1526.0,2335.0,1481.0,1249.0,1451.0,1949.0,1400.0,1135.0,1695.0,1889.0,1256.0,1049.0,1374.0,1744.0,1445.0,962.0,918.0,1705.0,1146.0,861.0,853.0,950.0,909.0,727.0,860.0,866.0,971.0,927.0,1156.0,1343.0,982.0,1028.0,1185.0,1304.0,1017.0,845.0,1074.0
Solrød,304.0,259.0,293.0,305.0,344.0,362.0,423.0,523.0,419.0,386.0,403.0,455.0,467.0,485.0,501.0,438.0,311.0,298.0,325.0,372.0,381.0,305.0,350.0,292.0,289.0,367.0,309.0,367.0,217.0,257.0,308.0,288.0,228.0,290.0,294.0,218.0,199.0,241.0,238.0,252.0,254.0,224.0,265.0,291.0,200.0,189.0,220.0,309.0,195.0,210.0,221.0,257.0,198.0,173.0,202.0,203.0,141.0,166.0,182.0,193.0,181.0,219.0,223.0,241.0,218.0,189.0,186.0,205.0,151.0,239.0
Faxe,415.0,546.0,465.0,564.0,714.0,539.0,651.0,683.0,623.0,589.0,675.0,620.0,633.0,594.0,600.0,594.0,549.0,561.0,520.0,583.0,490.0,407.0,486.0,476.0,536.0,446.0,527.0,490.0,396.0,452.0,597.0,462.0,439.0,436.0,430.0,509.0,517.0,498.0,401.0,429.0,337.0,395.0,350.0,417.0,305.0,300.0,354.0,391.0,260.0,231.0,349.0,314.0,296.0,299.0,333.0,298.0,201.0,259.0,264.0,215.0,214.0,289.0,340.0,498.0,232.0,309.0,302.0,224.0,301.0,310.0
Guldborgsund,1106.0,1132.0,1300.0,1149.0,1060.0,1119.0,1196.0,1442.0,1291.0,1214.0,1373.0,1220.0,1075.0,1030.0,1081.0,1044.0,941.0,1075.0,1026.0,1023.0,917.0,866.0,962.0,1030.0,931.0,1103.0,1103.0,1033.0,951.0,934.0,930.0,876.0,793.0,857.0,974.0,908.0,785.0,938.0,1245.0,838.0,690.0,888.0,749.0,841.0,773.0,808.0,750.0,793.0,927.0,772.0,833.0,927.0,759.0,656.0,667.0,591.0,539.0,545.0,575.0,558.0,531.0,652.0,640.0,624.0,664.0,694.0,694.0,612.0,638.0,584.0
Holbæk,1087.0,1131.0,1007.0,1291.0,1183.0,1283.0,1478.0,1619.0,1261.0,1290.0,1487.0,1390.0,1127.0,1103.0,1391.0,1164.0,1110.0,1097.0,1036.0,1311.0,1168.0,1145.0,971.0,1065.0,915.0,1268.0,1541.0,1003.0,939.0,919.0,1024.0,893.0,751.0,729.0,767.0,976.0,726.0,779.0,878.0,941.0,699.0,854.0,921.0,975.0,670.0,731.0,773.0,811.0,792.0,600.0,658.0,762.0,823.0,1205.0,936.0,751.0,612.0,613.0,504.0,492.0,555.0,627.0,593.0,607.0,573.0,657.0,661.0,598.0,672.0,732.0
Kalundborg,809.0,878.0,729.0,958.0,1043.0,1036.0,1025.0,1181.0,1133.0,1017.0,853.0,1064.0,852.0,759.0,923.0,979.0,795.0,907.0,744.0,893.0,874.0,845.0,655.0,708.0,705.0,892.0,703.0,715.0,700.0,700.0,706.0,629.0,622.0,527.0,540.0,532.0,549.0,614.0,531.0,597.0,535.0,468.0,515.0,607.0,432.0,575.0,479.0,580.0,409.0,417.0,389.0,673.0,407.0,381.0,402.0,376.0,371.0,721.0,356.0,338.0,446.0,652.0,492.0,453.0,396.0,505.0,405.0,429.0,431.0,676.0
Lolland,809.0,828.0,776.0,814.0,970.0,925.0,980.0,1125.0,1052.0,990.0,1039.0,1171.0,887.0,867.0,921.0,976.0,860.0,936.0,796.0,848.0,738.0,722.0,714.0,720.0,621.0,802.0,746.0,917.0,671.0,728.0,798.0,587.0,548.0,633.0,684.0,693.0,740.0,820.0,863.0,800.0,628.0,690.0,739.0,632.0,528.0,716.0,754.0,706.0,1051.0,614.0,605.0,668.0,500.0,483.0,621.0,429.0,389.0,466.0,460.0,398.0,390.0,626.0,505.0,528.0,455.0,509.0,485.0,418.0,415.0,524.0
Næstved,1159.0,1413.0,1279.0,1358.0,1332.0,1408.0,1663.0,1704.0,1373.0,1482.0,1584.0,1384.0,1176.0,1440.0,1410.0,1305.0,1236.0,1197.0,1420.0,1522.0,1275.0,1254.0,1127.0,1101.0,999.0,1191.0,1301.0,1262.0,1087.0,1140.0,1247.0,1194.0,1040.0,1053.0,1098.0,1182.0,975.0,1075.0,1146.0,1400.0,1133.0,1018.0,1122.0,1084.0,828.0,1008.0,1018.0,877.0,1001.0,762.0,852.0,900.0,850.0,726.0,823.0,676.0,587.0,769.0,651.0,591.0,821.0,858.0,945.0,916.0,907.0,821.0,776.0,730.0,685.0,902.0
Odsherred,544.0,451.0,514.0,545.0,487.0,521.0,573.0,654.0,629.0,640.0,692.0,866.0,556.0,578.0,733.0,625.0,686.0,746.0,562.0,721.0,645.0,596.0,592.0,552.0,477.0,565.0,537.0,611.0,485.0,508.0,488.0,400.0,369.0,411.0,406.0,424.0,385.0,388.0,506.0,508.0,447.0,552.0,511.0,618.0,462.0,446.0,436.0,514.0,386.0,414.0,412.0,470.0,543.0,382.0,384.0,312.0,303.0,242.0,290.0,318.0,388.0,414.0,444.0,462.0,449.0,392.0,349.0,375.0,288.0,330.0
Ringsted,615.0,629.0,537.0,756.0,687.0,659.0,676.0,704.0,665.0,621.0,785.0,768.0,626.0,637.0,726.0,650.0,547.0,549.0,556.0,649.0,664.0,560.0,504.0,550.0,456.0,481.0,477.0,535.0,458.0,524.0,463.0,608.0,523.0,575.0,471.0,611.0,481.0,401.0,487.0,527.0,470.0,487.0,410.0,561.0,411.0,418.0,416.0,406.0,358.0,356.0,324.0,396.0,399.0,344.0,348.0,367.0,235.0,342.0,486.0,328.0,272.0,409.0,340.0,329.0,364.0,347.0,368.0,426.0,332.0,354.0
Slagelse,1338.0,1525.0,1620.0,1740.0,1679.0,1527.0,1717.0,1777.0,1503.0,1706.0,1710.0,1739.0,1475.0,1526.0,1708.0,1735.0,1670.0,1435.0,1575.0,1917.0,1839.0,1386.0,1357.0,1572.0,1245.0,1468.0,1523.0,1532.0,1206.0,1375.0,1494.0,1477.0,1110.0,1236.0,1218.0,1345.0,1364.0,1407.0,1269.0,1498.0,1207.0,1318.0,1229.0,1287.0,1052.0,1112.0,1102.0,1226.0,1108.0,1104.0,1110.0,1081.0,1217.0,1624.0,863.0,940.0,818.0,782.0,778.0,766.0,777.0,949.0,896.0,1013.0,906.0,1023.0,1065.0,1089.0,896.0,1069.0
Sorø,367.0,341.0,415.0,524.0,487.0,408.0,491.0,429.0,422.0,442.0,482.0,483.0,484.0,467.0,514.0,540.0,481.0,411.0,466.0,475.0,429.0,391.0,410.0,430.0,337.0,416.0,447.0,441.0,369.0,454.0,507.0,503.0,347.0,357.0,354.0,445.0,412.0,425.0,374.0,581.0,428.0,427.0,461.0,499.0,336.0,358.0,291.0,311.0,279.0,273.0,263.0,340.0,308.0,238.0,268.0,222.0,192.0,234.0,231.0,280.0,205.0,260.0,201.0,242.0,298.0,240.0,294.0,217.0,259.0,272.0
Stevns,198.0,175.0,193.0,215.0,263.0,174.0,236.0,246.0,216.0,188.0,244.0,238.0,215.0,292.0,237.0,262.0,209.0,181.0,192.0,197.0,195.0,203.0,199.0,207.0,165.0,217.0,234.0,206.0,164.0,190.0,198.0,164.0,166.0,152.0,176.0,137.0,136.0,170.0,165.0,162.0,168.0,177.0,153.0,136.0,130.0,183.0,167.0,175.0,90.0,116.0,172.0,129.0,141.0,189.0,125.0,95.0,112.0,137.0,149.0,155.0,134.0,174.0,191.0,194.0,161.0,180.0,168.0,128.0,148.0,143.0
Vordingborg,849.0,746.0,733.0,829.0,759.0,885.0,932.0,1166.0,873.0,825.0,817.0,851.0,623.0,772.0,831.0,789.0,788.0,888.0,862.0,778.0,670.0,599.0,657.0,607.0,462.0,616.0,624.0,629.0,535.0,631.0,675.0,636.0,555.0,607.0,700.0,643.0,690.0,648.0,669.0,729.0,509.0,610.0,725.0,560.0,512.0,463.0,521.0,475.0,442.0,414.0,547.0,405.0,413.0,378.0,437.0,350.0,334.0,372.0,387.0,465.0,382.0,363.0,403.0,421.0,400.0,442.0,423.0,348.0,314.0,358.0
Assens,520.0,502.0,563.0,562.0,627.0,575.0,594.0,691.0,538.0,565.0,792.0,828.0,630.0,600.0,674.0,631.0,571.0,533.0,516.0,517.0,515.0,508.0,474.0,497.0,415.0,484.0,484.0,504.0,488.0,357.0,373.0,434.0,336.0,321.0,333.0,440.0,402.0,397.0,360.0,372.0,306.0,303.0,256.0,374.0,370.0,283.0,294.0,382.0,392.0,317.0,353.0,410.0,463.0,452.0,417.0,468.0,339.0,301.0,384.0,274.0,251.0,276.0,298.0,304.0,281.0,325.0,345.0,298.0,306.0,375.0
Faaborg-Midtfyn,483.0,475.0,501.0,572.0,594.0,631.0,661.0,705.0,617.0,645.0,745.0,848.0,602.0,726.0,731.0,651.0,602.0,762.0,775.0,701.0,666.0,613.0,600.0,665.0,493.0,554.0,491.0,466.0,575.0,573.0,461.0,643.0,471.0,497.0,448.0,435.0,387.0,373.0,408.0,468.0,441.0,403.0,452.0,470.0,420.0,420.0,403.0,480.0,399.0,359.0,377.0,346.0,384.0,413.0,409.0,465.0,385.0,336.0,383.0,374.0,342.0,362.0,344.0,348.0,402.0,397.0,466.0,399.0,391.0,373.0
Kerteminde,257.0,311.0,307.0,342.0,334.0,292.0,315.0,322.0,332.0,384.0,372.0,398.0,296.0,368.0,368.0,275.0,246.0,317.0,269.0,324.0,279.0,314.0,309.0,324.0,216.0,294.0,346.0,283.0,307.0,246.0,228.0,228.0,182.0,224.0,305.0,243.0,185.0,201.0,216.0,166.0,172.0,168.0,237.0,171.0,144.0,169.0,289.0,223.0,202.0,194.0,236.0,141.0,174.0,190.0,195.0,169.0,139.0,157.0,190.0,149.0,120.0,152.0,194.0,138.0,148.0,171.0,352.0,153.0,206.0,209.0
Langeland,111.0,112.0,174.0,184.0,157.0,182.0,260.0,135.0,178.0,187.0,297.0,210.0,161.0,158.0,254.0,140.0,131.0,101.0,206.0,179.0,148.0,167.0,198.0,185.0,129.0,97.0,169.0,103.0,102.0,101.0,131.0,127.0,76.0,89.0,143.0,108.0,70.0,106.0,163.0,106.0,110.0,92.0,148.0,108.0,75.0,108.0,138.0,131.0,121.0,104.0,126.0,70.0,93.0,121.0,100.0,85.0,69.0,91.0,117.0,83.0,94.0,97.0,123.0,171.0,131.0,81.0,88.0,79.0,76.0,96.0
Middelfart,581.0,619.0,688.0,597.0,571.0,756.0,738.0,695.0,706.0,708.0,715.0,736.0,625.0,647.0,662.0,823.0,719.0,652.0,682.0,699.0,583.0,532.0,579.0,672.0,505.0,539.0,540.0,517.0,384.0,495.0,606.0,618.0,351.0,392.0,375.0,463.0,433.0,545.0,405.0,379.0,462.0,652.0,411.0,495.0,357.0,455.0,416.0,425.0,368.0,401.0,464.0,449.0,346.0,371.0,513.0,399.0,281.0,313.0,407.0,445.0,346.0,444.0,422.0,363.0,346.0,454.0,410.0,402.0,348.0,492.0
Nordfyns,382.0,323.0,413.0,383.0,469.0,429.0,442.0,484.0,578.0,452.0,574.0,566.0,445.0,399.0,483.0,466.0,434.0,421.0,425.0,457.0,447.0,353.0,341.0,381.0,253.0,302.0,288.0,287.0,282.0,270.0,345.0,340.0,254.0,197.0,274.0,266.0,286.0,256.0,214.0,392.0,207.0,255.0,232.0,261.0,224.0,246.0,246.0,352.0,236.0,242.0,230.0,241.0,288.0,251.0,235.0,258.0,239.0,165.0,221.0,199.0,191.0,175.0,275.0,195.0,197.0,302.0,238.0,289.0,249.0,248.0
Nyborg,454.0,471.0,545.0,543.0,527.0,640.0,674.0,636.0,665.0,627.0,772.0,721.0,586.0,602.0,608.0,619.0,610.0,533.0,563.0,603.0,579.0,707.0,572.0,547.0,461.0,435.0,537.0,461.0,467.0,496.0,455.0,493.0,382.0,454.0,448.0,438.0,375.0,375.0,360.0,453.0,334.0,314.0,667.0,455.0,338.0,398.0,369.0,404.0,402.0,392.0,402.0,323.0,374.0,272.0,308.0,381.0,315.0,313.0,306.0,360.0,298.0,239.0,298.0,300.0,272.0,295.0,321.0,281.0,263.0,312.0
Odense,5278.0,5381.0,4926.0,5209.0,4764.0,4920.0,5691.0,5936.0,5340.0,5556.0,5401.0,5569.0,4682.0,5117.0,5660.0,5103.0,4700.0,4784.0,5048.0,5282.0,4495.0,4481.0,4500.0,4426.0,3696.0,4425.0,4366.0,4602.0,3742.0,3911.0,3941.0,4122.0,3292.0,3745.0,3673.0,3821.0,3473.0,3690.0,3643.0,3259.0,3639.0,3264.0,3242.0,3167.0,2775.0,3152.0,3215.0,3175.0,3126.0,3110.0,2867.0,3376.0,3472.0,2619.0,2947.0,3123.0,2291.0,2399.0,2816.0,2539.0,2394.0,2679.0,3351.0,2879.0,2712.0,2863.0,2851.0,2602.0,2663.0,3249.0
Svendborg,802.0,730.0,821.0,892.0,926.0,955.0,995.0,1004.0,914.0,944.0,1011.0,1076.0,849.0,897.0,1167.0,880.0,766.0,854.0,874.0,963.0,814.0,818.0,797.0,772.0,714.0,743.0,792.0,750.0,676.0,593.0,604.0,711.0,511.0,571.0,604.0,595.0,495.0,596.0,545.0,553.0,583.0,598.0,643.0,762.0,603.0,546.0,551.0,655.0,486.0,506.0,521.0,667.0,540.0,499.0,578.0,475.0,464.0,501.0,689.0,582.0,506.0,591.0,585.0,570.0,604.0,654.0,572.0,502.0,476.0,559.0
Ærø,24.0,75.0,72.0,41.0,41.0,60.0,47.0,35.0,36.0,38.0,52.0,44.0,47.0,28.0,44.0,34.0,19.0,40.0,38.0,26.0,34.0,34.0,46.0,37.0,56.0,33.0,50.0,38.0,37.0,33.0,30.0,19.0,23.0,24.0,33.0,15.0,27.0,21.0,28.0,34.0,30.0,31.0,41.0,44.0,15.0,33.0,40.0,34.0,34.0,28.0,27.0,22.0,22.0,12.0,36.0,31.0,10.0,15.0,25.0,17.0,17.0,20.0,28.0,24.0,15.0,36.0,41.0,17.0,24.0,19.0
Billund,316.0,364.0,468.0,334.0,393.0,408.0,495.0,521.0,430.0,523.0,668.0,587.0,521.0,585.0,600.0,522.0,516.0,465.0,529.0,446.0,409.0,532.0,554.0,493.0,373.0,400.0,562.0,418.0,471.0,294.0,447.0,328.0,277.0,315.0,434.0,370.0,269.0,304.0,374.0,284.0,258.0,335.0,369.0,320.0,286.0,330.0,382.0,330.0,236.0,247.0,392.0,325.0,269.0,186.0,283.0,189.0,178.0,154.0,199.0,249.0,195.0,245.0,212.0,218.0,220.0,207.0,264.0,252.0,217.0,281.0
Esbjerg,2285.0,2236.0,2126.0,2221.0,2263.0,2421.0,2344.0,2607.0,2128.0,2257.0,2386.0,2377.0,2302.0,2399.0,2402.0,2510.0,2213.0,2123.0,2331.0,2552.0,2064.0,1938.0,1982.0,1976.0,1700.0,1906.0,1874.0,1841.0,1720.0,1756.0,1940.0,1869.0,1467.0,1487.0,1900.0,1768.0,1548.0,1832.0,1696.0,1663.0,1668.0,1573.0,1631.0,1624.0,1339.0,1532.0,1656.0,1722.0,1469.0,1481.0,1542.0,1600.0,1416.0,1265.0,1478.0,1492.0,1279.0,1359.0,1438.0,1317.0,1321.0,1384.0,1426.0,1547.0,1470.0,1450.0,1568.0,1520.0,1414.0,1567.0
Fanø,30.0,84.0,74.0,24.0,44.0,29.0,56.0,22.0,21.0,49.0,65.0,13.0,24.0,27.0,59.0,42.0,14.0,36.0,45.0,29.0,32.0,29.0,53.0,28.0,15.0,20.0,63.0,40.0,35.0,28.0,57.0,26.0,36.0,21.0,40.0,17.0,11.0,12.0,46.0,33.0,31.0,10.0,58.0,29.0,40.0,45.0,48.0,41.0,45.0,29.0,38.0,11.0,18.0,23.0,31.0,31.0,19.0,28.0,29.0,20.0,36.0,36.0,36.0,20.0,25.0,24.0,64.0,25.0,28.0,26.0
Fredericia,1077.0,1159.0,1181.0,1208.0,1117.0,1202.0,1358.0,1537.0,1223.0,1208.0,1290.0,1342.0,1121.0,1246.0,1594.0,1329.0,1066.0,1031.0,1268.0,1329.0,991.0,958.0,1015.0,1036.0,968.0,898.0,1134.0,1492.0,879.0,896.0,1069.0,1206.0,935.0,1165.0,757.0,838.0,789.0,842.0,902.0,905.0,731.0,853.0,800.0,878.0,829.0,778.0,753.0,791.0,747.0,674.0,722.0,712.0,672.0,583.0,546.0,615.0,507.0,647.0,673.0,718.0,610.0,690.0,746.0,829.0,786.0,844.0,767.0,679.0,613.0,699.0
Haderslev,1039.0,938.0,1140.0,1362.0,1266.0,1149.0,1243.0,1281.0,1158.0,1094.0,1206.0,1110.0,849.0,976.0,1027.0,1099.0,976.0,861.0,929.0,855.0,810.0,861.0,774.0,1070.0,777.0,844.0,839.0,923.0,855.0,733.0,903.0,1102.0,783.0,745.0,657.0,812.0,718.0,729.0,1249.0,791.0,777.0,603.0,693.0,645.0,629.0,583.0,581.0,595.0,565.0,572.0,457.0,557.0,511.0,493.0,445.0,481.0,472.0,549.0,492.0,527.0,587.0,584.0,575.0,532.0,560.0,550.0,491.0,535.0,442.0,548.0
Kolding,1842.0,2105.0,2024.0,2255.0,2043.0,2075.0,2160.0,2436.0,2202.0,2369.0,2259.0,2122.0,1661.0,1829.0,2119.0,1961.0,1780.0,1662.0,1980.0,1970.0,1588.0,1643.0,1657.0,1521.0,1416.0,1476.0,1672.0,1613.0,1458.0,1538.0,1514.0,1601.0,1431.0,1457.0,1627.0,1688.0,1167.0,1394.0,1385.0,1573.0,1487.0,1363.0,1469.0,1705.0,1525.0,1374.0,1230.0,1424.0,1214.0,1250.0,1155.0,1047.0,981.0,897.0,950.0,935.0,889.0,993.0,1022.0,1038.0,909.0,1227.0,1049.0,1047.0,1123.0,1081.0,1133.0,1210.0,1068.0,1179.0
Sønderborg,1143.0,1239.0,1200.0,1343.0,1130.0,1346.0,1372.0,1596.0,1404.0,1329.0,1559.0,1326.0,1109.0,1419.0,1482.0,1386.0,1219.0,1246.0,1319.0,1335.0,1120.0,936.0,1083.0,1026.0,958.0,1014.0,1083.0,1200.0,1024.0,1070.0,1003.0,1000.0,777.0,755.0,846.0,854.0,907.0,967.0,881.0,896.0,842.0,909.0,877.0,890.0,765.0,905.0,852.0,859.0,709.0,738.0,726.0,610.0,561.0,606.0,613.0,614.0,459.0,582.0,617.0,612.0,564.0,713.0,703.0,776.0,638.0,634.0,736.0,729.0,542.0,751.0
Tønder,531.0,571.0,759.0,696.0,617.0,564.0,614.0,604.0,562.0,597.0,709.0,660.0,464.0,561.0,605.0,609.0,634.0,549.0,619.0,641.0,566.0,512.0,511.0,564.0,476.0,523.0,557.0,530.0,537.0,443.0,525.0,493.0,425.0,397.0,381.0,486.0,376.0,370.0,423.0,357.0,347.0,321.0,427.0,416.0,369.0,403.0,412.0,518.0,362.0,880.0,420.0,409.0,345.0,292.0,345.0,299.0,328.0,320.0,298.0,294.0,461.0,362.0,324.0,348.0,324.0,373.0,355.0,353.0,275.0,333.0
Varde,669.0,673.0,823.0,715.0,719.0,764.0,824.0,774.0,862.0,813.0,824.0,726.0,613.0,843.0,910.0,979.0,830.0,792.0,775.0,752.0,630.0,673.0,737.0,647.0,597.0,580.0,631.0,591.0,598.0,587.0,606.0,565.0,474.0,498.0,600.0,548.0,441.0,494.0,545.0,512.0,460.0,522.0,584.0,553.0,560.0,463.0,543.0,482.0,404.0,398.0,427.0,526.0,409.0,378.0,344.0,370.0,295.0,369.0,399.0,356.0,365.0,426.0,428.0,387.0,335.0,418.0,375.0,351.0,386.0,435.0
Vejen,761.0,666.0,678.0,854.0,711.0,743.0,707.0,709.0,604.0,627.0,854.0,830.0,665.0,774.0,870.0,887.0,755.0,552.0,656.0,664.0,612.0,596.0,536.0,640.0,666.0,763.0,612.0,640.0,556.0,494.0,389.0,423.0,426.0,362.0,504.0,399.0,324.0,455.0,404.0,402.0,454.0,396.0,371.0,339.0,346.0,355.0,351.0,386.0,344.0,282.0,325.0,350.0,306.0,232.0,268.0,311.0,249.0,280.0,261.0,290.0,291.0,318.0,341.0,341.0,310.0,338.0,317.0,272.0,359.0,390.0
Vejle,1862.0,1892.0,2019.0,1885.0,1665.0,2124.0,2243.0,2548.0,2134.0,2312.0,2456.0,2400.0,2100.0,2253.0,2146.0,2117.0,2257.0,1961.0,2189.0,2297.0,1995.0,1888.0,1643.0,1777.0,1523.0,1900.0,1730.0,1645.0,1592.0,1518.0,1476.0,1558.0,1421.0,1519.0,1504.0,1522.0,1215.0,1484.0,1472.0,1484.0,1441.0,1544.0,1420.0,1455.0,1437.0,1530.0,1338.0,1504.0,1288.0,1413.0,1324.0,1210.0,1049.0,955.0,1099.0,968.0,892.0,975.0,1092.0,1092.0,988.0,1141.0,1147.0,1186.0,1192.0,1239.0,1352.0,1201.0,987.0,1432.0
Aabenraa,1305.0,1141.0,1120.0,1290.0,1166.0,1281.0,1294.0,1370.0,1268.0,1200.0,1339.0,1277.0,1076.0,1215.0,1263.0,1056.0,1157.0,1169.0,985.0,1251.0,940.0,983.0,923.0,1025.0,847.0,917.0,908.0,998.0,899.0,999.0,1029.0,947.0,619.0,813.0,821.0,784.0,676.0,736.0,809.0,813.0,668.0,685.0,926.0,817.0,740.0,679.0,706.0,710.0,657.0,606.0,621.0,673.0,588.0,539.0,632.0,724.0,477.0,548.0,502.0,547.0,440.0,533.0,550.0,506.0,512.0,520.0,493.0,454.0,511.0,552.0
Favrskov,640.0,553.0,483.0,626.0,571.0,587.0,603.0,562.0,513.0,482.0,559.0,562.0,512.0,598.0,578.0,630.0,521.0,482.0,563.0,634.0,602.0,441.0,527.0,551.0,502.0,551.0,498.0,490.0,434.0,372.0,547.0,438.0,407.0,403.0,441.0,424.0,366.0,388.0,454.0,420.0,385.0,397.0,491.0,457.0,437.0,379.0,337.0,350.0,319.0,377.0,337.0,385.0,386.0,317.0,423.0,299.0,306.0,279.0,279.0,266.0,311.0,249.0,286.0,355.0,339.0,339.0,353.0,305.0,279.0,315.0
Hedensted,448.0,604.0,558.0,479.0,534.0,570.0,591.0,574.0,573.0,592.0,694.0,658.0,555.0,601.0,572.0,540.0,574.0,540.0,582.0,658.0,522.0,484.0,499.0,556.0,416.0,541.0,463.0,406.0,402.0,397.0,411.0,344.0,383.0,305.0,364.0,394.0,302.0,351.0,379.0,460.0,359.0,412.0,361.0,414.0,351.0,386.0,361.0,396.0,285.0,304.0,447.0,303.0,324.0,313.0,284.0,288.0,215.0,267.0,266.0,301.0,300.0,299.0,315.0,356.0,304.0,313.0,360.0,263.0,353.0,368.0
Horsens,1482.0,1503.0,1479.0,1561.0,1486.0,1535.0,1912.0,1719.0,1542.0,1692.0,1850.0,1759.0,1438.0,1602.0,1596.0,1679.0,1473.0,1494.0,1587.0,1946.0,1324.0,1368.0,1265.0,1291.0,1164.0,1160.0,1284.0,1509.0,1148.0,1085.0,1150.0,1099.0,1058.0,949.0,1089.0,1175.0,944.0,1024.0,1035.0,1046.0,1020.0,1116.0,1207.0,1282.0,1085.0,1134.0,1074.0,1018.0,972.0,958.0,992.0,868.0,874.0,778.0,876.0,804.0,743.0,768.0,909.0,1050.0,786.0,941.0,1005.0,1009.0,958.0,1053.0,1082.0,1043.0,1008.0,1070.0
Norddjurs,653.0,673.0,909.0,789.0,741.0,693.0,835.0,738.0,880.0,584.0,679.0,779.0,544.0,540.0,678.0,649.0,605.0,485.0,593.0,555.0,500.0,438.0,541.0,474.0,477.0,549.0,526.0,441.0,408.0,421.0,462.0,485.0,392.0,425.0,479.0,411.0,400.0,428.0,418.0,744.0,334.0,377.0,345.0,354.0,343.0,355.0,337.0,445.0,460.0,373.0,305.0,300.0,367.0,314.0,371.0,398.0,330.0,248.0,305.0,284.0,246.0,314.0,408.0,316.0,373.0,322.0,321.0,333.0,556.0,418.0
Odder,225.0,256.0,283.0,264.0,247.0,251.0,296.0,281.0,249.0,314.0,316.0,344.0,264.0,285.0,315.0,278.0,260.0,254.0,296.0,278.0,260.0,256.0,289.0,312.0,239.0,253.0,219.0,207.0,223.0,209.0,251.0,207.0,196.0,200.0,165.0,169.0,145.0,180.0,218.0,200.0,203.0,190.0,192.0,252.0,207.0,174.0,167.0,157.0,162.0,151.0,140.0,154.0,149.0,130.0,124.0,143.0,120.0,132.0,153.0,120.0,112.0,135.0,221.0,173.0,160.0,129.0,168.0,135.0,161.0,155.0
Randers,1912.0,1859.0,1763.0,1614.0,1751.0,1874.0,1848.0,2059.0,2071.0,1998.0,2019.0,2119.0,1651.0,1830.0,1800.0,2075.0,1768.0,1712.0,1891.0,1752.0,1456.0,1595.0,1591.0,1569.0,1500.0,1693.0,1600.0,1574.0,1376.0,1373.0,1428.0,1565.0,1413.0,1389.0,1451.0,1474.0,1234.0,1187.0,2657.0,1301.0,1184.0,1274.0,1146.0,1708.0,1013.0,994.0,1170.0,1151.0,1094.0,1542.0,1168.0,1086.0,1167.0,1072.0,1437.0,1095.0,865.0,1345.0,1156.0,974.0,968.0,1135.0,1129.0,1303.0,1130.0,1097.0,947.0,987.0,915.0,1171.0
Samsø,37.0,36.0,88.0,19.0,21.0,42.0,65.0,32.0,8.0,30.0,54.0,19.0,19.0,41.0,77.0,24.0,24.0,35.0,40.0,38.0,28.0,36.0,44.0,31.0,26.0,19.0,51.0,15.0,23.0,22.0,43.0,18.0,20.0,25.0,44.0,10.0,15.0,35.0,34.0,29.0,8.0,11.0,38.0,12.0,17.0,20.0,45.0,19.0,9.0,20.0,40.0,15.0,13.0,28.0,30.0,14.0,18.0,8.0,22.0,16.0,11.0,21.0,39.0,18.0,39.0,21.0,33.0,12.0,21.0,20.0
Silkeborg,1305.0,1265.0,1338.0,1465.0,1350.0,1386.0,1576.0,1485.0,1329.0,1414.0,1422.0,1497.0,1272.0,1518.0,1507.0,1422.0,1254.0,1300.0,1299.0,1308.0,1309.0,1318.0,1279.0,1294.0,1030.0,1182.0,1177.0,1038.0,952.0,1048.0,1055.0,944.0,751.0,911.0,842.0,1090.0,860.0,904.0,900.0,746.0,887.0,1094.0,931.0,986.0,931.0,892.0,914.0,1098.0,811.0,833.0,722.0,797.0,923.0,664.0,793.0,698.0,721.0,611.0,734.0,652.0,729.0,713.0,801.0,684.0,747.0,799.0,821.0,778.0,903.0,847.0
Skanderborg,690.0,686.0,1038.0,865.0,709.0,726.0,980.0,789.0,716.0,896.0,1052.0,1017.0,704.0,798.0,1081.0,766.0,693.0,845.0,1152.0,858.0,849.0,724.0,971.0,903.0,742.0,711.0,923.0,707.0,647.0,709.0,963.0,617.0,568.0,525.0,827.0,646.0,543.0,579.0,752.0,626.0,615.0,716.0,772.0,680.0,529.0,558.0,651.0,482.0,472.0,447.0,577.0,395.0,400.0,281.0,406.0,406.0,501.0,334.0,424.0,448.0,393.0,385.0,471.0,441.0,373.0,391.0,505.0,398.0,424.0,437.0
Syddjurs,543.0,534.0,631.0,661.0,609.0,532.0,808.0,707.0,730.0,759.0,732.0,690.0,608.0,580.0,810.0,639.0,637.0,629.0,666.0,551.0,567.0,555.0,602.0,520.0,505.0,608.0,580.0,604.0,502.0,427.0,537.0,542.0,455.0,402.0,490.0,454.0,363.0,419.0,427.0,477.0,428.0,725.0,425.0,400.0,415.0,414.0,373.0,350.0,309.0,363.0,401.0,292.0,332.0,316.0,293.0,501.0,290.0,321.0,290.0,275.0,254.0,299.0,339.0,327.0,319.0,324.0,338.0,307.0,338.0,335.0
Aarhus,7487.0,8482.0,8496.0,8786.0,8034.0,8129.0,8462.0,8213.0,7477.0,8598.0,8168.0,8324.0,6860.0,8177.0,8883.0,8808.0,7706.0,8685.0,9197.0,9204.0,8301.0,8101.0,9084.0,8433.0,7249.0,9111.0,8727.0,8056.0,7219.0,7515.0,7926.0,8175.0,6504.0,6377.0,7153.0,7140.0,6659.0,7065.0,7150.0,6648.0,6032.0,6688.0,6719.0,6496.0,6122.0,6249.0,5791.0,6230.0,5510.0,5065.0,5298.0,5374.0,5034.0,4667.0,5674.0,5125.0,3589.0,4606.0,5066.0,6595.0,5232.0,5728.0,5542.0,6049.0,5804.0,5771.0,5911.0,5811.0,5755.0,6095.0
Herning,1061.0,1183.0,1154.0,1213.0,1133.0,1371.0,1418.0,1435.0,1307.0,1431.0,1523.0,1543.0,1167.0,1322.0,1405.0,1213.0,1171.0,1171.0,1221.0,1249.0,1175.0,1186.0,1137.0,1198.0,1032.0,990.0,1134.0,1131.0,1018.0,917.0,855.0,925.0,925.0,872.0,1000.0,1022.0,1072.0,977.0,1015.0,970.0,985.0,1070.0,984.0,962.0,1112.0,1029.0,963.0,1110.0,1010.0,825.0,810.0,1042.0,821.0,666.0,869.0,736.0,680.0,843.0,777.0,842.0,654.0,1167.0,938.0,810.0,891.0,989.0,941.0,738.0,743.0,744.0
Holstebro,781.0,881.0,966.0,926.0,926.0,872.0,952.0,997.0,935.0,951.0,889.0,790.0,687.0,894.0,832.0,865.0,750.0,732.0,759.0,831.0,764.0,860.0,815.0,659.0,634.0,691.0,669.0,788.0,616.0,659.0,666.0,615.0,538.0,621.0,674.0,634.0,502.0,529.0,571.0,625.0,601.0,761.0,1029.0,878.0,594.0,710.0,879.0,684.0,925.0,529.0,599.0,593.0,542.0,561.0,559.0,515.0,378.0,506.0,760.0,499.0,445.0,549.0,450.0,476.0,618.0,550.0,726.0,525.0,424.0,474.0
Ikast-Brande,469.0,509.0,531.0,600.0,594.0,607.0,608.0,572.0,541.0,541.0,535.0,646.0,557.0,613.0,675.0,736.0,534.0,598.0,538.0,625.0,488.0,509.0,598.0,579.0,426.0,444.0,455.0,457.0,394.0,414.0,433.0,395.0,326.0,271.0,318.0,397.0,348.0,402.0,386.0,489.0,416.0,446.0,438.0,522.0,410.0,408.0,352.0,404.0,408.0,398.0,372.0,368.0,398.0,329.0,364.0,374.0,343.0,348.0,301.0,358.0,259.0,355.0,334.0,389.0,389.0,380.0,389.0,324.0,325.0,436.0
Lemvig,192.0,208.0,207.0,198.0,180.0,178.0,193.0,163.0,158.0,165.0,171.0,153.0,147.0,148.0,174.0,200.0,168.0,132.0,169.0,175.0,166.0,180.0,195.0,131.0,142.0,152.0,109.0,112.0,111.0,123.0,97.0,110.0,96.0,119.0,118.0,105.0,95.0,91.0,129.0,99.0,117.0,106.0,86.0,117.0,94.0,109.0,143.0,121.0,88.0,93.0,114.0,110.0,131.0,138.0,98.0,88.0,110.0,101.0,143.0,54.0,94.0,114.0,108.0,73.0,78.0,86.0,107.0,75.0,75.0,106.0
Ringkøbing-Skjern,713.0,759.0,789.0,764.0,733.0,764.0,816.0,826.0,726.0,770.0,867.0,762.0,683.0,762.0,807.0,885.0,707.0,652.0,659.0,695.0,593.0,727.0,641.0,640.0,601.0,563.0,623.0,600.0,592.0,522.0,498.0,517.0,497.0,436.0,468.0,446.0,442.0,447.0,473.0,469.0,539.0,516.0,526.0,500.0,429.0,471.0,466.0,387.0,358.0,341.0,292.0,360.0,342.0,397.0,333.0,365.0,304.0,337.0,296.0,326.0,345.0,347.0,458.0,351.0,325.0,449.0,375.0,325.0,339.0,372.0
Skive,606.0,658.0,641.0,688.0,620.0,744.0,688.0,749.0,655.0,727.0,814.0,864.0,556.0,745.0,671.0,594.0,627.0,734.0,570.0,646.0,578.0,554.0,551.0,542.0,552.0,590.0,554.0,509.0,472.0,493.0,515.0,394.0,381.0,480.0,548.0,487.0,389.0,396.0,460.0,378.0,375.0,446.0,408.0,465.0,388.0,414.0,413.0,427.0,341.0,433.0,420.0,455.0,359.0,324.0,332.0,349.0,295.0,314.0,319.0,297.0,282.0,428.0,471.0,318.0,324.0,430.0,319.0,312.0,304.0,395.0
Struer,224.0,243.0,199.0,273.0,301.0,309.0,324.0,295.0,261.0,271.0,317.0,292.0,229.0,227.0,273.0,189.0,204.0,246.0,201.0,253.0,247.0,215.0,248.0,204.0,226.0,185.0,205.0,225.0,219.0,227.0,215.0,153.0,155.0,176.0,211.0,221.0,152.0,186.0,229.0,194.0,208.0,183.0,176.0,186.0,170.0,153.0,175.0,132.0,244.0,128.0,140.0,210.0,191.0,156.0,191.0,150.0,118.0,152.0,144.0,155.0,125.0,177.0,162.0,184.0,158.0,142.0,159.0,138.0,100.0,155.0
Viborg,1306.0,1247.0,1180.0,1444.0,1276.0,1194.0,1300.0,1315.0,1235.0,1238.0,1472.0,1479.0,1149.0,1442.0,1409.0,1453.0,1135.0,1126.0,1199.0,1293.0,1156.0,1013.0,1040.0,1018.0,947.0,1057.0,1040.0,1144.0,1040.0,854.0,1107.0,1095.0,896.0,980.0,963.0,992.0,930.0,885.0,872.0,1169.0,861.0,974.0,1002.0,905.0,988.0,1040.0,2109.0,972.0,705.0,829.0,849.0,901.0,839.0,710.0,898.0,751.0,659.0,648.0,730.0,1422.0,816.0,1057.0,918.0,802.0,816.0,1381.0,918.0,874.0,758.0,936.0
Brønderslev,456.0,503.0,603.0,570.0,426.0,482.0,526.0,470.0,442.0,411.0,500.0,420.0,386.0,465.0,492.0,558.0,460.0,516.0,535.0,442.0,377.0,395.0,437.0,386.0,401.0,418.0,454.0,352.0,332.0,348.0,342.0,444.0,268.0,282.0,321.0,311.0,345.0,344.0,291.0,251.0,297.0,275.0,357.0,376.0,328.0,316.0,326.0,300.0,235.0,274.0,313.0,247.0,212.0,212.0,221.0,273.0,182.0,368.0,200.0,181.0,192.0,295.0,258.0,266.0,209.0,212.0,207.0,215.0,222.0,314.0
Frederikshavn,1090.0,1002.0,1081.0,1091.0,1099.0,1031.0,1297.0,1154.0,1307.0,1244.0,1324.0,1157.0,903.0,1050.0,1234.0,1025.0,1050.0,1111.0,1285.0,949.0,871.0,834.0,853.0,729.0,773.0,802.0,991.0,649.0,550.0,631.0,699.0,626.0,594.0,617.0,913.0,745.0,1101.0,595.0,693.0,675.0,837.0,763.0,799.0,743.0,752.0,946.0,591.0,1263.0,628.0,590.0,654.0,539.0,521.0,566.0,483.0,408.0,330.0,433.0,490.0,399.0,383.0,434.0,557.0,411.0,454.0,500.0,471.0,407.0,457.0,537.0
Hjørring,1017.0,1029.0,1216.0,1249.0,1147.0,1072.0,1095.0,1012.0,1055.0,975.0,1150.0,1203.0,924.0,921.0,1031.0,939.0,934.0,919.0,977.0,934.0,775.0,800.0,778.0,679.0,707.0,749.0,830.0,674.0,551.0,611.0,633.0,686.0,707.0,679.0,667.0,792.0,1136.0,661.0,719.0,607.0,945.0,738.0,714.0,749.0,764.0,566.0,562.0,662.0,644.0,479.0,494.0,591.0,452.0,376.0,403.0,404.0,278.0,430.0,448.0,426.0,507.0,473.0,518.0,462.0,544.0,411.0,493.0,469.0,482.0,582.0
Jammerbugt,457.0,578.0,518.0,503.0,462.0,622.0,667.0,553.0,634.0,597.0,674.0,676.0,502.0,595.0,575.0,612.0,555.0,557.0,598.0,569.0,563.0,552.0,554.0,479.0,442.0,483.0,528.0,434.0,336.0,389.0,405.0,350.0,418.0,330.0,522.0,298.0,471.0,332.0,361.0,303.0,271.0,328.0,313.0,437.0,370.0,331.0,313.0,368.0,348.0,263.0,250.0,311.0,239.0,251.0,295.0,328.0,232.0,223.0,317.0,239.0,253.0,222.0,265.0,208.0,224.0,222.0,228.0,208.0,241.0,234.0
Læsø,3.0,5.0,14.0,6.0,2.0,2.0,6.0,2.0,8.0,6.0,4.0,14.0,14.0,16.0,11.0,4.0,6.0,11.0,10.0,9.0,2.0,3.0,23.0,2.0,6.0,8.0,31.0,4.0,17.0,18.0,12.0,1.0,8.0,11.0,18.0,3.0,1.0,6.0,8.0,3.0,2.0,2.0,8.0,2.0,7.0,7.0,14.0,14.0,7.0,5.0,15.0,4.0,10.0,4.0,11.0,5.0,4.0,3.0,7.0,1.0,2.0,5.0,9.0,2.0,1.0,3.0,5.0,6.0,4.0,8.0
Mariagerfjord,548.0,511.0,604.0,648.0,608.0,669.0,744.0,729.0,752.0,749.0,756.0,688.0,575.0,659.0,756.0,710.0,605.0,618.0,763.0,696.0,574.0,516.0,575.0,545.0,475.0,530.0,613.0,592.0,410.0,628.0,617.0,484.0,475.0,460.0,455.0,458.0,421.0,471.0,343.0,416.0,381.0,375.0,325.0,421.0,378.0,338.0,439.0,454.0,316.0,303.0,378.0,487.0,436.0,336.0,359.0,370.0,319.0,316.0,300.0,379.0,341.0,262.0,314.0,291.0,295.0,334.0,304.0,293.0,315.0,372.0
Morsø,327.0,263.0,307.0,310.0,294.0,273.0,268.0,344.0,272.0,285.0,261.0,303.0,229.0,235.0,245.0,226.0,246.0,275.0,252.0,195.0,270.0,215.0,249.0,288.0,291.0,289.0,228.0,198.0,169.0,379.0,270.0,196.0,175.0,188.0,219.0,178.0,262.0,193.0,202.0,210.0,207.0,191.0,168.0,365.0,126.0,111.0,139.0,205.0,178.0,146.0,168.0,147.0,168.0,194.0,158.0,131.0,154.0,105.0,96.0,123.0,123.0,168.0,181.0,170.0,119.0,107.0,81.0,116.0,95.0,112.0
Rebild,270.0,255.0,270.0,313.0,328.0,341.0,339.0,355.0,360.0,323.0,302.0,312.0,239.0,266.0,341.0,385.0,285.0,268.0,356.0,329.0,345.0,273.0,341.0,384.0,276.0,307.0,300.0,281.0,229.0,226.0,266.0,255.0,187.0,223.0,217.0,244.0,360.0,174.0,164.0,227.0,180.0,225.0,187.0,210.0,199.0,153.0,180.0,173.0,156.0,191.0,144.0,175.0,141.0,160.0,170.0,164.0,133.0,119.0,114.0,134.0,149.0,183.0,125.0,148.0,125.0,107.0,154.0,160.0,129.0,158.0
Thisted,685.0,585.0,566.0,534.0,545.0,574.0,697.0,592.0,515.0,599.0,570.0,622.0,399.0,494.0,486.0,502.0,411.0,525.0,561.0,531.0,562.0,617.0,521.0,550.0,406.0,487.0,537.0,486.0,403.0,305.0,415.0,422.0,354.0,332.0,348.0,410.0,397.0,601.0,529.0,360.0,306.0,370.0,410.0,363.0,400.0,424.0,413.0,414.0,333.0,293.0,314.0,330.0,246.0,240.0,246.0,262.0,205.0,265.0,274.0,255.0,394.0,284.0,317.0,219.0,274.0,249.0,282.0,205.0,212.0,224.0
Vesthimmerlands,571.0,549.0,598.0,628.0,579.0,592.0,759.0,817.0,662.0,662.0,690.0,656.0,416.0,594.0,615.0,690.0,642.0,537.0,546.0,520.0,512.0,438.0,577.0,615.0,562.0,545.0,538.0,613.0,446.0,482.0,527.0,438.0,559.0,306.0,400.0,484.0,525.0,384.0,330.0,381.0,316.0,326.0,353.0,443.0,320.0,350.0,337.0,293.0,314.0,261.0,350.0,322.0,321.0,298.0,309.0,355.0,720.0,284.0,313.0,312.0,260.0,320.0,293.0,241.0,327.0,246.0,1046.0,262.0,251.0,294.0
Aalborg,3546.0,4018.0,3793.0,4255.0,3688.0,4268.0,4365.0,4228.0,3752.0,4077.0,4394.0,4120.0,3414.0,3916.0,4185.0,4265.0,3927.0,4591.0,4499.0,4663.0,3953.0,3826.0,3653.0,3881.0,3487.0,3845.0,3859.0,3841.0,3401.0,3300.0,3306.0,3290.0,2582.0,2688.0,3623.0,3246.0,2790.0,2689.0,2454.0,2605.0,2390.0,2796.0,2791.0,3194.0,2336.0,2683.0,2559.0,2547.0,2451.0,2599.0,2154.0,2448.0,2273.0,1671.0,2060.0,1812.0,1548.0,1633.0,1824.0,1799.0,1992.0,2739.0,2185.0,2252.0,2303.0,2491.0,2781.0,2430.0,2069.0,2607.0
Uoplyst kommune,1419.0,960.0,1012.0,903.0,880.0,792.0,999.0,773.0,789.0,737.0,969.0,782.0,1139.0,909.0,1186.0,876.0,1021.0,745.0,1072.0,916.0,1141.0,928.0,1024.0,1135.0,906.0,1231.0,1387.0,1266.0,1242.0,1210.0,1670.0,2043.0,2933.0,3652.0,1796.0,3032.0,2180.0,3100.0,4403.0,3431.0,4294.0,4476.0,4979.0,4819.0,3940.0,5186.0,4867.0,5278.0,6815.0,6642.0,8343.0,7904.0,8832.0,10615.0,8165.0,8360.0,10166.0,7502.0,6624.0,7103.0,7038.0,6917.0,10340.0,9322.0,10240.0,11972.0,8210.0,8274.0,8501.0,7159.0
,,,,,,,,,,,,,,,,,,,,,,,,,,,,,,,,,,,,,,,,,,,,,,,,,,,,,,,,,,,,,,,,,,,,,,
